{
  "devices": {
    "4044421242": {
      "name": "Lights",
      "switch": true,
      "icon":"",
      "controls": {
        "1227937049": {
          "name": "Intensity",
          "type": "scale",
          "value": 20,
          "min": 0,
          "max": 100,
          "step": 10
        }
      }
    },
    "1921554376": {
      "name": "Fan",
      "switch": true,
      "icon":"",
      "controls": {
        "1783283187": {
          "name": "Intensity",
          "type": "mode",
          "value": "low",
          "options": {
            "low": {
              "name": "Low",
              "icon": ""
            },
            "medium": {
              "name": "Medium",
              "icon": ""
            },
            "high": {
              "name": "High",
              "icon": ""
            }
          }
        }
      }
    },
    "1699406707": {
      "name": "Air Conditioner",
      "switch": true,
      "icon":"",
      "controls": {
        "5376976379": {
          "name": "Mode",
          "type": "mode",
          "value": "cold",
          "options": {
            "cold": {
              "name": "Cold",
              "icon": "snowflake"
            },
            "hot": {
              "name": "Hot",
              "icon": "sun"
            },
            "fan": {
              "name": "Fan",
              "icon": "fan"
            }
          }
        }
      }
    }
  }
}
